patch_rank,protein_id,residue_id,chain,residue_type,patch_size,asa,plddt
0,8r1f,201,C,L,387,155,
0,8r1f,197,C,V,387,15,
0,8r1f,188,C,L,387,106,
0,8r1f,189,C,A,387,6,
0,8r1f,203,C,V,387,12,
0,8r1f,217,C,V,387,2,
0,8r1f,205,C,Y,387,33,
0,8r1f,206,C,L,387,58,
1,8r1f,93,C,L,293,167,
1,8r1f,91,C,W,293,126,
2,8r1f,265,C,L,232,25,
2,8r1f,107,C,Y,232,46,
2,8r1f,103,C,Y,232,97,
2,8r1f,264,C,L,232,64,
3,8r1f,277,C,C,231,31,
3,8r1f,137,C,L,231,56,
3,8r1f,138,C,A,231,41,
3,8r1f,275,C,C,231,10,
3,8r1f,276,C,A,231,70,
3,8r1f,237,C,M,231,23,
4,8r1f,113,C,F,226,23,
4,8r1f,122,C,V,226,27,
4,8r1f,119,C,A,226,52,
4,8r1f,133,C,M,226,4,
4,8r1f,114,C,L,226,88,
4,8r1f,124,C,C,226,11,
4,8r1f,126,C,Y,226,21,
5,8r1f,289,C,L,195,83,
5,8r1f,129,C,A,195,74,
5,8r1f,130,C,L,195,38,
6,8r1f,242,C,C,175,14,
6,8r1f,176,C,C,175,6,
6,8r1f,243,C,M,175,155,
7,8r1f,225,C,V,162,162,
8,8r1f,229,C,C,115,12,
8,8r1f,146,C,W,115,75,
8,8r1f,147,C,V,115,28,
9,8r1f,212,C,F,96,96,
10,8r1f,169,C,M,94,26,
10,8r1f,97,C,V,94,68,
11,8r1f,270,C,F,72,2,
11,8r1f,113,C,F,72,23,
11,8r1f,126,C,Y,72,21,
11,8r1f,111,C,L,72,26,
12,8r1f,232,C,I,66,19,
12,8r1f,197,C,V,66,15,
12,8r1f,220,C,Y,66,24,
12,8r1f,145,C,L,66,5,
12,8r1f,218,C,V,66,3,
12,8r1f,157,C,V,66,0,
13,8r1f,182,C,C,44,44,
14,8r1f,182,C,C,44,44,
15,8r1f,160,C,M,27,21,
15,8r1f,254,C,I,27,6,
16,8r1f,220,C,Y,24,24,
17,8r1f,237,C,M,23,23,
18,8r1f,126,C,Y,21,21,
19,8r1f,172,C,V,19,12,
19,8r1f,173,C,V,19,7,
20,8r1f,252,C,L,16,16,
21,8r1f,251,C,I,1,0,
21,8r1f,272,C,V,1,1,
