patch_rank,protein_id,residue_id,chain,residue_type,patch_size
0,H1106,99,A,A,1399
0,H1106,100,A,A,1399
0,H1106,25,A,C,1399
0,H1106,18,A,I,1399
0,H1106,30,B,C,1399
0,H1106,10,A,I,1399
0,H1106,20,A,L,1399
0,H1106,17,A,A,1399
0,H1106,101,A,L,1399
0,H1106,27,A,L,1399
0,H1106,15,A,L,1399
0,H1106,97,A,A,1399
0,H1106,12,A,I,1399
0,H1106,31,B,I,1399
0,H1106,104,A,C,1399
0,H1106,23,A,L,1399
1,H1106,67,A,F,618
1,H1106,90,B,L,618
1,H1106,70,A,L,618
1,H1106,58,A,W,618
1,H1106,122,A,V,618
1,H1106,57,A,L,618
1,H1106,19,B,L,618
1,H1106,55,B,L,618
1,H1106,119,A,L,618
1,H1106,15,B,L,618
1,H1106,18,B,W,618
1,H1106,118,A,L,618
1,H1106,52,B,V,618
1,H1106,21,B,L,618
1,H1106,65,A,Y,618
1,H1106,26,B,A,618
1,H1106,111,A,L,618
1,H1106,114,A,I,618
1,H1106,23,B,C,618
2,H1106,32,A,A,446
2,H1106,33,A,L,446
2,H1106,31,A,Y,446
3,H1106,4,A,I,370
3,H1106,7,A,A,370
3,H1106,5,A,I,370
4,H1106,48,A,Y,341
4,H1106,44,A,L,341
4,H1106,94,B,L,341
4,H1106,105,B,L,341
4,H1106,101,B,Y,341
4,H1106,40,A,V,341
4,H1106,47,A,L,341
4,H1106,104,B,Y,341
5,H1106,5,B,L,293
5,H1106,3,B,I,293
5,H1106,1,B,M,293
5,H1106,86,A,L,293
6,H1106,1,A,M,242
7,H1106,76,B,L,203
7,H1106,107,B,L,203
7,H1106,81,B,W,203
8,H1106,67,A,F,189
8,H1106,44,B,L,189
8,H1106,45,B,A,189
8,H1106,65,A,Y,189
8,H1106,70,B,L,189
9,H1106,40,A,V,86
10,H1106,84,B,L,84
10,H1106,100,B,A,84
10,H1106,71,B,I,84
10,H1106,81,B,W,84
11,H1106,51,A,A,83
12,H1106,7,A,A,69
13,H1106,5,B,L,68
13,H1106,95,A,L,68
13,H1106,3,B,I,68
13,H1106,39,B,L,68
14,H1106,69,B,W,62
15,H1106,65,A,Y,52
16,H1106,116,A,L,27
16,H1106,73,A,A,27
17,H1106,60,A,F,20
17,H1106,61,A,A,20
18,H1106,104,B,Y,17
18,H1106,78,B,A,17
19,H1106,37,B,L,10
20,H1106,111,A,L,7
21,H1106,70,A,L,6
