patch_rank,protein_id,residue_id,chain,residue_type,patch_size
0,1a9b,152,A,V,785
0,1a9b,156,A,L,785
0,1a9b,66,A,I,785
0,1a9b,124,A,I,785
0,1a9b,81,A,L,785
0,1a9b,7,A,Y,785
0,1a9b,149,A,A,785
0,1a9b,164,A,C,785
0,1a9b,158,A,A,785
0,1a9b,59,A,Y,785
0,1a9b,117,A,A,785
0,1a9b,74,A,Y,785
0,1a9b,99,A,Y,785
0,1a9b,167,A,W,785
0,1a9b,9,A,Y,785
0,1a9b,95,A,I,785
0,1a9b,5,A,M,785
0,1a9b,67,A,F,785
0,1a9b,163,A,L,785
0,1a9b,147,A,W,785
0,1a9b,150,A,A,785
0,1a9b,123,A,Y,785
0,1a9b,159,A,Y,785
0,1a9b,84,A,Y,785
1,1a9b,98,A,M,397
1,1a9b,28,A,V,397
1,1a9b,24,A,A,397
1,1a9b,12,A,M,397
1,1a9b,94,A,I,397
1,1a9b,8,A,F,397
1,1a9b,27,A,Y,397
1,1a9b,23,A,I,397
1,1a9b,11,A,A,397
1,1a9b,25,A,V,397
2,1a9b,230,A,L,239
2,1a9b,215,A,L,239
2,1a9b,244,A,W,239
2,1a9b,231,A,V,239
2,1a9b,204,A,W,239
2,1a9b,206,A,L,239
3,1a9b,85,A,Y,233
3,1a9b,139,A,A,233
3,1a9b,84,A,Y,233
3,1a9b,142,A,I,233
3,1a9b,123,A,Y,233
3,1a9b,118,A,Y,233
4,1a9b,270,A,L,191
4,1a9b,266,A,L,191
4,1a9b,189,A,V,191
4,1a9b,272,A,L,191
4,1a9b,274,A,W,191
5,1a9b,249,A,V,179
5,1a9b,257,A,Y,179
5,1a9b,194,A,V,179
5,1a9b,247,A,V,179
5,1a9b,246,A,A,179
5,1a9b,248,A,V,179
6,1a9b,40,A,A,149
6,1a9b,41,A,A,149
7,1a9b,125,A,A,124
7,1a9b,135,A,A,124
7,1a9b,136,A,A,124
7,1a9b,124,A,I,124
7,1a9b,126,A,L,124
8,1a9b,110,A,L,111
8,1a9b,165,A,V,111
8,1a9b,109,A,L,111
9,1a9b,90,A,A,75
10,1a9b,182,A,A,62
10,1a9b,209,A,Y,62
10,1a9b,179,A,L,62
11,1a9b,241,A,F,61
11,1a9b,213,A,I,61
11,1a9b,211,A,A,61
12,1a9b,274,A,W,53
13,1a9b,274,A,W,53
14,1a9b,60,A,W,38
15,1a9b,60,A,W,38
16,1a9b,236,A,A,38
17,1a9b,266,A,L,27
18,1a9b,153,A,A,21
18,1a9b,133,A,W,21
19,1a9b,117,A,A,18
20,1a9b,117,A,A,18
21,1a9b,51,A,W,17
21,1a9b,49,A,A,17
22,1a9b,103,A,L,16
23,1a9b,133,A,W,12
24,1a9b,213,A,I,12
25,1a9b,130,A,L,9
26,1a9b,130,A,L,9
27,1a9b,172,A,L,7
28,1a9b,49,A,A,4
29,1a9b,78,A,L,3
30,1a9b,36,A,F,1
31,1a9b,199,A,A,0
